Website mobile Page,stc Homepage,,,,stc Self care Page,,,,stc estore (mobile),,,,Zain Homepage,,,,Zain Self care Page,,,,Ooredoo Homepage,,,,Virgin Mobile Homepage,,,,stc KSA,,,,stc Bahrain,,,
Date,SEO,Best Practices,Accessibility,Performance,SEO,Best Practices,Accessibility,Performance,SEO,Best Practices,Accessibility,Performance,SEO,Best Practices,Accessibility,Performance,SEO,Best Practices,Accessibility,Performance,SEO,Best Practices,Accessibility,Performance,SEO,Best Practices,Accessibility,Performance,SEO,Best Practices,Accessibility,Performance,SEO,Best Practices,Accessibility,Performance
4-Jan-2026,100,46,94,29,100,46,92,38,100,50,94,27,85,69,59,27,N/A,N/A,N/A,N/A,85,73,71,17,85,50,69,24,85,54,66,32,91,50,93,44
5-Jan-2026,100,68,96,48,100,68,96,48,100,71,95,26,92,71,58,31,N/A,N/A,N/A,N/A,85,96,70,15,85,71,69,41,85,61,68,31,91,54,89,44
6-Jan-2026,100,68,96,49,100,68,96,49,100,75,95,16,92,71,58,30,N/A,N/A,N/A,N/A,85,96,70,29,85,71,69,40,85,61,68,26,83,54,89,37
7-Jan-2026,100,46,94,50,100,46,94,39,100,50,94,43,85,69,59,27,N/A,N/A,N/A,N/A,77,73,71,7,85,50,69,27,85,58,68,28,91,50,93,43
8-Jan-2026,100,46,94,58,100,46,94,58,100,50,94,15,85,69,59,28,N/A,N/A,N/A,N/A,85,73,71,7,85,50,69,28,77,58,68,27,91,50,92,43
11-Jan-2026,100,68,96,52,100,68,96,45,100,75,95,16,92,71,58,30,N/A,N/A,N/A,N/A,85,96,70,29,85,71,69,40,85,61,68,26,83,54,89,37
12-Jan-2026,100,46,94,23,100,46,94,36,100,50,94,21,85,69,59,26,N/A,N/A,N/A,N/A,85,73,71,14,85,50,69,27,77,58,68,25,91,50,92,49
13-Jan-2026,100,46,94,29,100,46,94,39,100,50,94,20,85,69,59,28,N/A,N/A,N/A,N/A,85,73,71,14,85,50,69,27,77,58,68,25,91,50,92,49
14-Jan-2026,100,46,94,45,100,46,94,45,100,50,94,17,85,69,59,27,N/A,N/A,N/A,N/A,85,73,71,15,85,50,69,21,77,58,68,26,91,50,92,52
19-Jan-2026,100,65,94,62,100,65,94,62,100,69,94,57,85,69,59,27,N/A,N/A,N/A,N/A,85,73,71,10,85,69,69,27,77,58,68,22,91,50,92,52
20-Jan-2026,100,65,94,49,100,65,94,49,100,69,94,39,85,50,59,27,N/A,N/A,N/A,N/A,85,73,71,11,85,69,69,20,77,58,68,23,83,50,92,50
21-Jan-2026,100,65,94,40,100,65,94,56,100,69,94,43,85,50,59,27,N/A,N/A,N/A,N/A,85,73,71,20,85,69,69,27,77,58,68,28,91,50,92,41
22-Jan-2026,100,65,94,49,100,65,94,49,100,69,94,42,85,50,59,26,N/A,N/A,N/A,N/A,85,73,71,10,85,69,69,29,77,58,68,41,91,50,92,42
25-Jan-2026,100,65,94,50,100,65,94,52,100,69,94,39,85,50,59,27,N/A,N/A,N/A,N/A,85,73,71,11,85,69,69,20,77,58,68,23,83,50,92,45
26-Jan-2026,100,65,94,54,100,65,94,54,100,69,94,39,85,50,59,31,N/A,N/A,N/A,N/A,85,73,71,15,85,69,69,27,77,58,68,25,91,50,92,58
27-Jan-2026,100,46,94,29,100,46,94,39,100,50,94,20,85,69,59,28,N/A,N/A,N/A,N/A,85,73,71,14,85,50,69,27,77,58,68,25,91,50,92,49
28-Jan-2026,100,68,96,60,92,93,79,81,100,75,95,71,85,71,62,31,N/A,N/A,N/A,N/A,83,68,52,3,85,71,69,30,85,61,68,18,91,54,89,40
29-Jan-2026,100,71,96,56,100,75,91,46,100,68,95,33,85,71,62,31,N/A,N/A,N/A,N/A,83,50,52,12,85,71,69,27,85,57,68,28,91,54,89,40
1-Feb-2026,100,68,96,39,100,75,91,50,100,71,95,37,85,71,62,31,N/A,N/A,N/A,N/A,83,50,52,12,85,71,69,27,85,57,68,28,91,54,89,40
2-Feb-2026,100,65,94,59,100,65,94,59,100,69,94,37,85,50,59,31,N/A,N/A,N/A,N/A,85,73,71,12,85,69,69,24,77,58,68,30,91,50,92,48
3-Feb-2026,100,65,94,56,100,65,94,56,100,69,94,15,85,50,59,31,N/A,N/A,N/A,N/A,85,73,71,11,85,69,69,24,77,54,68,24,91,50,92,65
4-Feb-2026,100,65,94,50,100,65,94,50,100,69,94,37,85,50,59,26,N/A,N/A,N/A,N/A,85,73,71,16,85,69,69,26,77,50,65,7,91,50,92,55
5-Feb-2026,100,68,96,52,100,75,91,56,100,71,95,39,85,71,62,33,N/A,N/A,N/A,N/A,83,50,52,15,85,71,69,27,85,57,68,28,91,54,89,40
8-Feb-2026,100,46,94,29,100,46,94,39,100,50,94,20,85,69,59,28,N/A,N/A,N/A,N/A,85,73,71,14,85,50,69,27,77,58,68,25,91,50,92,49
9-Feb-2026,100,46,94,45,100,46,94,45,100,50,94,17,85,69,59,27,N/A,N/A,N/A,N/A,85,73,71,15,85,50,69,21,77,58,68,26,91,50,92,52
10-Feb-2026,100,65,94,62,100,65,94,62,100,69,94,57,85,69,59,27,N/A,N/A,N/A,N/A,85,73,71,10,85,69,69,27,77,58,68,22,91,50,92,52
11-Feb-2026,100,65,94,46,100,73,94,0,100,69,94,37,85,50,59,30,N/A,N/A,N/A,N/A,85,73,71,3,85,69,69,23,77,54,68,25,91,50,92,47
12-Feb-2026,100,65,94,41,100,73,94,0,100,69,94,39,85,50,59,26,N/A,N/A,N/A,N/A,85,73,71,6,85,69,69,23,77,54,68,21,91,50,92,52
15-Feb-2026,100,65,94,62,100,65,94,0,100,69,94,57,85,69,59,27,N/A,N/A,N/A,N/A,85,73,71,10,85,69,69,27,77,58,68,22,91,50,92,52
16-Feb-2026,100,65,94,49,100,65,94,0,100,69,94,39,85,50,59,27,N/A,N/A,N/A,N/A,85,73,71,11,85,69,69,20,77,58,68,23,83,50,92,50
17-Feb-2026,100,46,94,56,100,54,94,0,100,50,94,36,85,50,59,26,N/A,N/A,N/A,N/A,85,73,71,4,85,50,69,29,77,54,68,28,91,50,92,43
18-Feb-2026,100,46,94,52,100,54,94,0,100,50,94,39,85,50,59,27,N/A,N/A,N/A,N/A,85,73,71,6,85,50,69,23,77,54,68,22,91,50,91,52
19-Feb-2026,100,46,94,56,100,54,94,0,100,50,94,36,85,50,59,27,N/A,N/A,N/A,N/A,85,73,71,22,85,50,69,31,77,54,68,19,91,50,92,37
22-Feb-2026,100,46,94,47,100,54,94,0,100,50,94,37,85,50,59,26,N/A,N/A,N/A,N/A,85,73,71,3,85,50,69,52,77,54,68,28,91,50,92,44
23-Feb-2026,100,46,94,52,100,54,94,0,100,50,94,38,85,50,59,26,N/A,N/A,N/A,N/A,85,73,71,6,85,50,69,32,77,54,68,31,91,50,91,52
24-Feb-2026,100,46,94,44,100,54,94,0,100,50,94,42,85,50,59,26,N/A,N/A,N/A,N/A,85,73,71,7,85,50,69,16,77,54,68,19,91,50,92,50
,,,,,,,,,,,,,,,,,,,,,,,,,,,,,,,,,,,,
1-Mar-2026,100,46,94,48,100,54,94,0,100,50,94,36,85,54,59,26,N/A,N/A,N/A,N/A,85,73,71,4,85,50,69,17,77,54,68,17,91,50,92,40
2-Mar-2026,100,46,94,56,100,54,94,0,100,50,94,36,85,50,59,27,N/A,N/A,N/A,N/A,85,73,71,22,85,50,69,31,77,54,68,19,91,50,92,37
3-Mar-2026,100,65,94,46,100,54,94,0,100,69,94,37,85,50,59,30,N/A,N/A,N/A,N/A,85,73,71,3,85,69,69,23,77,54,68,25,91,50,92,47
4-Mar-2026,100,46,92,48,100,54,94,0,100,50,94,38,85,50,59,28,N/A,N/A,N/A,N/A,85,73,71,3,85,50,69,19,77,54,68,18,91,50,92,45
5-Mar-2026,100,46,94,56,100,54,94,0,100,50,94,36,85,50,59,27,N/A,N/A,N/A,N/A,85,73,71,22,85,50,69,31,77,54,68,19,91,50,92,37
8-Mar-2026,100,46,94,47,100,54,94,0,100,50,94,39,85,50,59,26,N/A,N/A,N/A,N/A,85,73,71,15,85,50,69,16,77,54,68,19,91,50,92,50
9-Mar-2026,100,46,92,46,100,54,94,0,100,50,94,36,85,50,59,26,N/A,N/A,N/A,N/A,85,73,71,5,85,50,69,25,77,54,68,18,91,50,92,46
10-Mar-2026,100,65,94,52,100,73,94,0,100,69,94,37,85,50,59,30,N/A,N/A,N/A,N/A,85,73,71,3,85,69,69,23,77,54,68,25,91,50,92,47
11-Mar-2026,100,46,94,31,100,54,94,0,100,50,94,37,85,50,59,25,N/A,N/A,N/A,N/A,85,73,71,8,85,50,69,19,77,54,68,26,91,50,92,56
12-Mar-2026,100,46,92,47,100,54,94,0,100,50,94,39,85,50,59,28,N/A,N/A,N/A,N/A,85,73,71,3,85,50,69,19,77,54,68,18,91,50,92,45
15-Mar-2026,100,46,92,50,100,54,94,0,100,50,94,39,85,50,59,29,N/A,N/A,N/A,N/A,85,73,71,5,85,50,69,15,77,54,68,22,91,50,92,44
16-Mar-2026,100,46,94,57,100,54,94,0,100,50,94,38,85,50,59,26,N/A,N/A,N/A,N/A,85,73,71,5,85,50,69,8,77,54,68,28,91,50,92,46
17-Mar-2026,100,46,94,52,100,54,94,0,100,50,94,41,85,54,59,28,N/A,N/A,N/A,N/A,85,73,71,7,85,50,69,25,77,54,68,28,91,50,92,45
18-Mar-2026,100,46,92,45,100,54,94,0,100,50,94,36,85,50,59,26,N/A,N/A,N/A,N/A,85,73,71,5,85,50,69,25,77,54,68,18,91,50,92,46
24-Mar-2026,100,46,94,37,100,54,94,0,100,50,94,36,85,50,59,25,N/A,N/A,N/A,N/A,85,73,71,6,85,50,69,27,77,54,68,19,91,50,92,39
25-Mar-2026,100,46,94,43,100,54,94,0,100,50,94,23,85,50,59,28,N/A,N/A,N/A,N/A,85,73,71,5,85,50,69,21,77,54,68,19,91,50,92,46
26-Mar-2026,100,46,94,45,100,54,94,0,100,50,94,39,85,50,59,28,N/A,N/A,N/A,N/A,85,73,71,3,85,50,69,19,77,54,68,18,91,50,92,45
29-Mar-2026,100,46,92,46,100,54,94,0,100,50,94,36,85,50,59,26,N/A,N/A,N/A,N/A,85,73,71,5,85,50,69,25,77,54,68,18,91,50,92,46
30-Mar-2026,100,65,94,41,100,54,94,0,100,50,94,39,85,50,59,26,N/A,N/A,N/A,N/A,85,73,71,6,85,69,69,23,77,54,68,21,91,50,92,52
31-Mar-2026,100,46,94,50,100,54,94,0,100,50,94,41,85,54,59,28,N/A,N/A,N/A,N/A,85,73,71,7,85,50,69,25,77,54,68,28,91,50,92,45
,,,,,,,,,,,,,,,,,,,,,,,,,,,,,,,,,,,,
1-Apr-2026,100,46,94,48,100,54,94,0,100,50,94,42,85,50,59,30,N/A,N/A,N/A,N/A,85,73,71,5,85,50,69,15,77,54,68,22,91,50,92,44
2-Apr-2026,100,46,94,53,100,54,94,0,100,50,94,44,85,50,59,26,N/A,N/A,N/A,N/A,85,73,71,5,85,50,69,8,77,54,68,28,91,50,92,46
5-Apr-2026,100,46,94,50,100,54,94,0,100,50,94,39,85,54,59,28,N/A,N/A,N/A,N/A,85,73,71,7,85,50,69,25,77,54,68,28,91,50,92,45
6-Apr-2026,100,46,94,44,100,54,94,0,100,50,94,38,85,50,66,6,N/A,N/A,N/A,N/A,85,73,71,2,85,50,69,14,77,58,68,26,100,50,92,48
7-Apr-2026,100,46,94,38,100,54,94,0,100,50,94,39,85,50,63,16,N/A,N/A,N/A,N/A,85,73,71,5,85,50,69,22,77,54,68,33,100,50,92,42
8-Apr-2026,100,46,94,35,100,54,94,0,100,50,94,37,85,50,66,9,N/A,N/A,N/A,N/A,85,73,71,5,85,50,69,19,77,58,68,35,100,50,92,47
9-Apr-2026,100,46,94,44,100,54,94,0,100,50,94,14,85,50,66,16,N/A,N/A,N/A,N/A,85,73,71,2,85,50,69,24,77,54,68,18,100,50,92,44
12-Apr-2026,100,46,94,50,100,54,94,0,100,50,94,33,85,50,59,15,N/A,N/A,N/A,N/A,85,73,71,5,85,50,69,28,77,54,68,25,91,50,92,47
13-Apr-2026,100,46,94,44,100,54,94,0,100,50,94,13,85,50,63,14,N/A,N/A,N/A,N/A,85,73,71,6,85,50,69,40,77,58,68,31,100,50,92,47
14-Apr-2026,100,46,94,51,100,54,94,0,100,50,94,15,85,50,59,10,N/A,N/A,N/A,N/A,85,73,71,5,85,50,69,46,77,54,68,26,91,50,92,45
15-Apr-2026,100,46,94,55,100,54,94,0,100,50,94,36,85,50,66,16,N/A,N/A,N/A,N/A,85,73,71,5,85,50,69,20,77,54,68,18,100,50,92,41
16-Apr-2026,100,46,94,50,100,54,94,0,100,50,94,13,85,54,63,14,N/A,N/A,N/A,N/A,85,73,71,10,85,50,69,10,77,58,68,25,91,50,92,55
19-Apr-2026,100,46,94,44,100,54,94,0,100,50,94,12,85,50,63,16,N/A,N/A,N/A,N/A,85,73,71,10,85,50,69,28,77,58,68,22,91,50,92,37
20-Apr-2026,100,46,94,48,100,54,94,0,100,50,94,35,85,50,63,19,N/A,N/A,N/A,N/A,85,73,71,2,85,50,69,13,77,58,68,26,91,50,92,34
21-Apr-2026,100,46,94,51,100,54,94,0,100,50,94,40,85,50,63,16,N/A,N/A,N/A,N/A,85,73,70,7,85,50,69,13,77,54,68,26,91,50,92,38
22-Apr-2026,100,46,94,50,100,54,94,0,100,50,94,15,85,50,63,14,N/A,N/A,N/A,N/A,85,73,71,5,85,50,69,29,77,58,68,26,91,50,92,30
23-Apr-2026,100,46,94,54,100,54,94,0,100,50,94,35,85,50,66,9,N/A,N/A,N/A,N/A,85,73,71,18,85,50,69,14,77,54,68,19,91,50,92,35
26-Apr-2026,100,46,94,41,100,54,94,0,100,50,94,35,85,50,63,15,N/A,N/A,N/A,N/A,85,73,71,7,85,50,69,19,77,54,68,24,91,50,92,38
27-Apr-2026,100,46,94,48,100,54,94,0,100,50,94,42,85,50,59,30,N/A,N/A,N/A,N/A,85,73,71,5,85,50,69,15,77,54,68,22,91,50,92,44
28-Apr-2026,100,65,94,42,100,54,94,0,100,69,94,40,85,50,59,16,N/A,N/A,N/A,N/A,85,73,71,3,85,69,69,23,77,54,68,25,91,50,92,42
29-Apr-2026,100,46,94,38,100,54,94,0,100,50,94,39,85,50,63,16,N/A,N/A,N/A,N/A,85,73,71,5,85,50,69,22,77,54,68,33,100,50,92,42
30-Apr-2026,100,46,94,46,100,54,94,0,100,50,94,47,85,50,63,12,N/A,N/A,N/A,N/A,85,73,71,14,85,50,69,26,77,54,68,26,100,50,92,55
,,,,,,,,,,,,,,,,,,,,,,,,,,,,,,,,,,,,
3-May-2026,100,46,94,40,100,54,94,0,100,50,94,12,85,54,63,14,N/A,N/A,N/A,N/A,85,50,71,5,85,50,69,20,77,54,68,21,91,50,92,41
4-May-2026,100,46,94,46,100,54,94,0,100,50,94,39,85,50,63,14,N/A,N/A,N/A,N/A,85,50,71,2,85,50,69,17,77,54,68,33,91,50,92,36
6-May-2026,100,46,94,52,100,54,94,0,100,50,94,38,85,50,63,15,N/A,N/A,N/A,N/A,85,50,71,3,85,50,69,7,77,58,68,23,91,50,92,37
7-May-2026,100,46,94,45,100,54,94,0,100,50,94,35,85,54,63,15,N/A,N/A,N/A,N/A,85,50,71,3,85,50,69,38,77,58,68,21,91,50,92,42
10-May-2026,100,46,94,43,100,54,94,0,100,50,94,23,85,50,59,28,N/A,N/A,N/A,N/A,85,73,71,5,85,50,69,21,77,54,68,19,91,50,92,46
11-May-2026,100,46,94,45,100,54,94,0,100,50,94,39,85,50,59,28,N/A,N/A,N/A,N/A,85,73,71,3,85,50,69,19,77,54,68,18,91,50,92,45
12-May-2026,100,46,92,46,100,54,94,0,100,50,94,36,85,50,59,26,N/A,N/A,N/A,N/A,85,73,71,5,85,50,69,25,77,54,68,18,91,50,92,46
13-May-2026,100,65,94,41,100,54,94,0,100,50,94,39,85,50,59,26,N/A,N/A,N/A,N/A,85,73,71,6,85,69,69,23,77,54,68,21,91,50,92,52
14-May-2026,100,46,94,50,100,54,94,0,100,50,94,41,85,54,59,28,N/A,N/A,N/A,N/A,85,73,71,7,85,50,69,25,77,54,68,28,91,50,92,45
17-May-2026,91,50,93,48,100,54,94,0,100,50,94,36,85,50,63,15,N/A,N/A,N/A,N/A,85,50,71,10,85,50,69,19,77,58,68,27,91,50,93,48
18-May-2026,100,46,94,49,100,54,94,0,100,50,94,35,85,50,63,15,N/A,N/A,N/A,N/A,85,50,71,2,85,50,77,16,77,54,68,27,91,50,93,41
12-May-2026,100,46,94,49,100,54,94,0,100,50,94,35,85,50,63,15,N/A,N/A,N/A,N/A,85,50,71,6,85,50,69,17,77,54,68,26,91,50,93,36
13-May-2026,100,46,94,55,100,54,94,0,100,50,94,36,85,50,66,16,N/A,N/A,N/A,N/A,85,73,71,5,85,50,69,20,77,54,68,18,100,50,92,41
14-May-2026,100,46,94,50,100,54,94,0,100,50,94,13,85,54,63,14,N/A,N/A,N/A,N/A,85,73,71,10,85,50,69,10,77,58,68,25,91,50,92,55
17-May-2026,100,46,94,44,100,54,94,0,100,50,94,12,85,50,63,16,N/A,N/A,N/A,N/A,85,73,71,10,85,50,69,28,77,58,68,22,91,50,92,37
18-May-2026,100,46,94,48,100,54,94,0,100,50,94,35,85,50,63,19,N/A,N/A,N/A,N/A,85,73,71,2,85,50,69,13,77,58,68,26,91,50,92,34
19-May-2026,100,46,94,51,100,54,94,0,100,50,94,40,85,50,63,16,N/A,N/A,N/A,N/A,85,73,70,7,85,50,69,13,77,54,68,26,91,50,92,38
20-May-2026,100,46,94,50,100,54,94,0,100,50,94,15,85,50,63,14,N/A,N/A,N/A,N/A,85,73,71,5,85,50,69,29,77,58,68,26,91,50,92,30
21-May-2026,100,46,94,54,100,54,94,0,100,50,94,35,85,50,66,9,N/A,N/A,N/A,N/A,85,73,71,18,85,50,69,14,77,54,68,19,91,50,92,35
24-May-2026,100,46,94,43,100,54,94,0,100,50,94,23,85,50,59,28,N/A,N/A,N/A,N/A,85,73,71,5,85,50,69,21,77,54,68,19,91,50,92,46
25-May-2026,100,46,94,43,100,54,94,0,100,50,94,36,85,50,63,15,N/A,N/A,N/A,N/A,85,50,71,2,85,50,69,17,69,54,68,17,91,50,93,35
,,,,,,,,,,,,,,,,,,,,,,,,,,,,,,,,,,,,
1-Jun-2026,100,46,92,51,100,54,94,0,100,50,94,36,85,50,63,15,N/A,N/A,N/A,N/A,85,50,71,2,85,50,69,11,69,54,68,35,91,50,93,48
2-Jun-2026,100,46,94,48,100,54,94,0,100,50,94,35,85,50,63,19,N/A,N/A,N/A,N/A,85,73,71,2,85,50,69,13,77,58,68,26,91,50,92,34
3-Jun-2026,100,46,94,47,100,54,94,0,100,50,94,36,85,50,60,15,N/A,N/A,N/A,N/A,85,50,70,6,85,50,69,31,69,54,68,29,91,50,93,45
4-Jun-2026,100,46,94,48,100,54,94,0,100,50,94,35,85,50,63,19,N/A,N/A,N/A,N/A,85,73,71,2,85,50,69,13,77,58,68,26,91,50,92,34
7-Jun-2026,100,46,94,53,100,54,94,0,100,50,94,35,85,50,63,15,N/A,N/A,N/A,N/A,85,50,70,8,85,50,69,22,69,54,68,29,91,50,93,46
8-Jun-2026,100,50,94,63,100,54,94,0,100,50,94,35,85,50,62,17,N/A,N/A,N/A,N/A,85,50,70,22,85,50,70,22,77,54,68,23,91,50,93,36
9-Jun-2026,100,46,94,56,100,54,94,0,100,50,94,24,85,50,60,18,N/A,N/A,N/A,N/A,85,50,70,10,85,50,69,17,77,54,68,30,91,50,92,38
10-Jun-2026,100,46,94,44,100,54,94,0,100,50,94,35,85,50,60,18,N/A,N/A,N/A,N/A,85,50,70,7,85,50,69,8,77,54,68,30,92,50,93,38
11-Jun-2026,100,46,94,52,100,54,94,0,100,50,94,35,85,50,60,18,N/A,N/A,N/A,N/A,85,50,70,8,85,50,69,10,77,54,68,28,92,50,93,36
14-Jun-2026,100,46,94,52,100,54,94,0,100,50,94,35,85,50,60,18,N/A,N/A,N/A,N/A,85,50,70,8,85,50,69,10,77,54,68,28,92,50,93,36
15-Jun-2026,100,46,94,48,100,54,94,0,100,50,94,35,85,50,60,18,N/A,N/A,N/A,N/A,85,50,70,8,85,50,69,10,77,54,68,28,92,50,93,36
17-Jun-2026,100,46,94,52,100,54,94,0,100,50,94,36,85,50,60,17,N/A,N/A,N/A,N/A,85,50,70,10,85,50,69,10,77,54,68,28,92,50,92,42
18-Jun-2026,100,46,94,52,100,54,94,0,100,50,94,36,85,50,60,17,N/A,N/A,N/A,N/A,85,50,70,10,85,50,69,10,77,54,68,28,92,50,92,42
21-Jun-2026,100,46,94,52,100,54,94,0,100,50,94,36,85,50,60,17,N/A,N/A,N/A,N/A,85,50,70,10,85,50,69,10,77,54,68,30,92,50,92,38
22-Jun-2026,100,46,94,38,100,54,94,0,100,50,94,15,85,50,60,18,N/A,N/A,N/A,N/A,85,50,70,10,85,50,69,10,77,54,68,28,92,50,92,42
23-Jun-2026,100,46,94,44,100,54,94,0,100,54,94,55,85,50,70,8,N/A,N/A,N/A,N/A,85,50,70,10,85,50,69,10,77,54,68,20,92,50,93,41
24-Jun-2026,100,46,94,44,100,54,94,0,100,54,94,55,85,50,70,8,N/A,N/A,N/A,N/A,85,50,70,10,85,50,69,10,77,54,68,20,92,50,93,41
25-Jun-2026,100,46,94,46,100,54,94,0,100,54,94,55,85,50,70,8,N/A,N/A,N/A,N/A,85,50,70,10,85,50,69,10,77,54,68,20,92,50,93,44
28-Jun-2026,100,46,94,35,100,54,94,0,100,50,94,35,85,50,70,9,N/A,N/A,N/A,N/A,85,50,70,24,85,50,69,18,77,54,68,17,92,50,93,38
29-Jun-2026,100,46,94,35,100,54,94,0,100,50,94,35,85,50,70,9,N/A,N/A,N/A,N/A,85,50,70,24,85,50,69,18,77,54,68,17,92,50,93,36
30-Jun-2026,100,46,94,35,100,54,94,0,100,50,94,35,85,50,70,9,N/A,N/A,N/A,N/A,85,50,70,24,85,50,69,10,77,54,68,20,92,50,93,36
1-Jul-2026,100,46,94,35,100,54,94,0,100,50,94,35,85,50,70,10,N/A,N/A,N/A,N/A,85,50,70,25,85,50,69,16,77,54,68,20,92,50,93,38
2-Jul-2026,100,46,94,35,100,54,94,0,100,50,94,35,85,50,70,9,N/A,N/A,N/A,N/A,85,50,70,23,85,50,69,16,77,54,68,28,92,50,93,40
3-Jul-2026,100,46,94,35,100,54,94,0,100,50,94,35,85,50,70,9,N/A,N/A,N/A,N/A,85,50,70,25,85,50,69,16,77,54,68,30,92,50,93,38
5-Jul-2026,100,46,92,30,100,54,94,0,100,50,94,35,85,50,70,12,N/A,N/A,N/A,N/A,85,50,70,25,85,50,69,18,77,54,68,28,92,50,93,42
6-Jul-2026,100,46,92,30,100,54,94,0,100,50,94,35,85,50,70,10,N/A,N/A,N/A,N/A,85,50,70,25,85,50,69,18,77,54,68,28,92,50,93,42
7-Jul-2026,100,46,92,30,100,54,94,0,100,50,94,35,85,50,70,12,N/A,N/A,N/A,N/A,85,50,70,25,85,50,69,18,77,54,68,28,92,50,93,36
8-Jul-2026,100,46,94,38,100,54,94,0,100,50,94,35,85,50,70,12,N/A,N/A,N/A,N/A,85,50,70,13,85,50,69,18,77,54,68,28,92,50,93,42
9-Jul-2026,100,65,94,62,100,54,94,0,100,50,94,35,85,50,70,8,N/A,N/A,N/A,N/A,85,50,70,28,85,50,69,16,77,54,68,30,92,50,93,40
12-Jul-2026,100,65,94,62,100,54,94,0,100,50,94,38,85,50,70,8,N/A,N/A,N/A,N/A,85,50,70,28,85,50,69,16,77,54,68,30,92,50,93,40
13-Jul-2026,100,65,94,62,100,54,94,0,100,50,94,35,85,50,70,10,N/A,N/A,N/A,N/A,85,50,70,24,85,50,69,18,77,54,68,17,92,50,93,38
14-Jul-2026,100,65,94,62,100,54,94,0,100,50,94,35,85,50,70,8,N/A,N/A,N/A,N/A,85,50,70,28,85,50,69,16,77,54,68,30,92,50,93,40
15-Jul-2026,100,65,94,62,100,54,94,0,100,50,94,35,85,50,70,8,N/A,N/A,N/A,N/A,85,50,70,25,85,50,69,10,77,54,68,28,92,50,93,38
16-Jul-2026,100,46,94,32,100,54,94,0,100,50,94,34,85,50,70,12,N/A,N/A,N/A,N/A,85,50,70,7,85,50,69,16,77,54,68,30,92,50,93,46
19-Jul-2026,100,46,94,32,100,54,94,0,100,50,94,34,85,50,70,12,N/A,N/A,N/A,N/A,85,50,70,20,85,50,69,12,77,54,68,30,92,50,93,46
20-Jul-2026,100,46,94,32,100,54,94,0,100,50,94,34,85,50,70,12,N/A,N/A,N/A,N/A,85,50,70,18,85,50,69,16,77,54,68,22,92,50,93,38
21-Jul-2026,100,46,94,32,100,54,94,0,100,50,94,34,85,50,70,12,N/A,N/A,N/A,N/A,85,50,70,7,85,50,69,16,77,54,68,30,92,50,93,32
22-Jul-2026,100,46,94,62,100,54,94,0,100,50,94,63,85,50,70,12,N/A,N/A,N/A,N/A,85,50,70,26,85,50,69,10,77,54,68,28,92,50,93,46
23-Jul-2026,100,65,96,69,100,54,94,0,100,69,96,65,85,50,70,8,N/A,N/A,N/A,N/A,85,50,70,16,85,50,69,16,77,54,68,30,92,50,93,38
26-Jul-2026,100,65,96,69,100,54,94,0,100,69,96,65,85,50,70,8,N/A,N/A,N/A,N/A,85,72,70,16,85,50,69,16,77,54,68,30,92,50,93,38
27-Jul-2026,100,65,96,68,100,54,94,0,100,69,96,63,85,50,70,10,N/A,N/A,N/A,N/A,85,50,70,12,85,50,69,16,77,54,68,32,92,50,93,50
28-Jul-2026,100,65,96,69,100,54,94,0,100,69,96,65,85,50,70,8,N/A,N/A,N/A,N/A,85,50,70,16,85,50,69,16,77,54,68,30,92,50,93,38
29-Jul-2026,100,65,96,70,100,54,94,0,100,69,96,61,85,50,70,12,N/A,N/A,N/A,N/A,85,73,70,9,85,50,69,16,77,54,68,30,92,50,93,54
30-Jul-2026,100,65,96,68,100,54,94,0,100,69,96,65,85,50,70,14,N/A,N/A,N/A,N/A,85,73,70,10,85,50,69,14,77,54,68,28,92,50,93,54
2-Aug-2026,100,65,96,68,100,54,94,0,100,69,96,66,85,50,70,14,N/A,N/A,N/A,N/A,85,73,70,10,85,50,69,16,77,54,68,28,92,50,93,54
3-Aug-2026,100,65,96,68,100,54,94,0,100,69,96,65,85,50,70,14,N/A,N/A,N/A,N/A,85,73,70,12,85,50,69,16,77,54,68,32,92,50,93,52
4-Aug-2026,100,65,96,68,100,54,94,0,100,69,96,65,85,50,70,14,N/A,N/A,N/A,N/A,85,73,70,10,85,50,69,16,77,54,68,28,92,50,93,54
5-Aug-2026,100,65,96,70,100,54,94,0,100,69,96,64,85,50,70,14,N/A,N/A,N/A,N/A,85,73,70,12,85,50,69,14,77,54,68,32,92,50,93,54
6-Aug-2026,100,65,96,70,100,54,94,0,100,69,96,64,85,50,70,14,N/A,N/A,N/A,N/A,85,73,70,12,85,50,69,14,77,54,68,32,92,50,93,54
9-Aug-2026,100,65,96,70,100,54,94,0,100,69,96,63,85,50,70,14,N/A,N/A,N/A,N/A,85,73,70,12,85,50,69,14,77,54,68,32,92,50,93,54
10-Aug-2026,100,65,96,72,100,54,94,0,100,69,96,65,85,50,70,18,N/A,N/A,N/A,N/A,85,73,70,12,85,50,69,14,77,54,68,24,92,50,93,54
11-Aug-2026,100,65,96,68,100,54,94,0,100,69,96,64,85,50,70,14,N/A,N/A,N/A,N/A,85,73,70,12,85,50,69,14,77,54,68,32,92,50,93,54
13-Aug-2026,100,65,96,64,100,54,94,0,100,69,96,62,85,50,63,6,N/A,N/A,N/A,N/A,85,73,70,17,85,50,69,12,77,54,68,17,92,50,93,42
16-Aug-2026,100,65,96,70,100,54,94,0,100,69,96,65,85,50,63,8,N/A,N/A,N/A,N/A,85,73,70,6,85,50,69,14,77,54,68,17,92,50,93,43
17-Aug-2026,100,65,96,72,100,54,94,0,100,69,96,68,85,50,63,12,N/A,N/A,N/A,N/A,85,73,70,8,85,50,69,18,77,54,68,18,92,50,93,52
18-Aug-2026,100,65,96,63,100,54,94,0,100,69,96,64,85,50,63,12,N/A,N/A,N/A,N/A,85,73,70,15,85,50,69,16,77,54,68,16,92,50,93,58
19-Aug-2026,100,65,96,63,100,54,94,0,100,69,96,64,85,50,63,12,N/A,N/A,N/A,N/A,85,73,70,16,85,50,69,16,77,54,68,16,92,50,93,58
20-Aug-2026,100,65,96,65,100,54,94,0,100,69,96,64,85,50,63,12,N/A,N/A,N/A,N/A,85,73,70,15,85,50,69,16,77,54,68,16,92,50,93,48
23-Aug-2026,100,65,96,63,100,54,94,0,100,69,96,64,85,50,63,12,N/A,N/A,N/A,N/A,85,73,70,15,85,50,69,14,77,54,68,16,92,50,93,58
24-Aug-2026,100,65,96,67,100,54,94,0,100,69,96,64,85,50,63,12,N/A,N/A,N/A,N/A,85,73,70,12,85,50,69,16,77,54,68,18,100,50,96,38
26-Aug-2026,100,65,96,66,100,54,94,0,100,69,96,63,85,50,63,18,N/A,N/A,N/A,N/A,85,73,70,17,85,50,69,12,77,54,68,15,100,50,96,37
,,,,,,,,,,,,,,,,,,,,,,,,,,,,,,,,,,,,
,,,,,,,,,,,,,,,,,,,,,,,,,,,,,,,,,,,,
,,,,,,,,,,,,,,,,,,,,,,,,,,,,,,,,,,,,
,,,,,,,,,,,,,,,,,,,,,,,,,,,,,,,,,,,,
,,,,,,,,,,,,,,,,,,,,,,,,,,,,,,,,,,,,
,,,,,,,,,,,,,,,,,,,,,,,,,,,,,,,,,,,,
,,,,,,,,,,,,,,,,,,,,,,,,,,,,,,,,,,,,
,,,,,,,,,,,,,,,,,,,,,,,,,,,,,,,,,,,,
,,,,,,,,,,,,,,,,,,,,,,,,,,,,,,,,,,,,
,,,,,,,,,,,,,,,,,,,,,,,,,,,,,,,,,,,,
,,,,,,,,,,,,,,,,,,,,,,,,,,,,,,,,,,,,
,,,,,,,,,,,,,,,,,,,,,,,,,,,,,,,,,,,,
,,,,,,,,,,,,,,,,,,,,,,,,,,,,,,,,,,,,
,,,,,,,,,,,,,,,,,,,,,,,,,,,,,,,,,,,,
,,,,,,,,,,,,,,,,,,,,,,,,,,,,,,,,,,,,
,,,,,,,,,,,,,,,,,,,,,,,,,,,,,,,,,,,,
,,,,,,,,,,,,,,,,,,,,,,,,,,,,,,,,,,,,
,,,,,,,,,,,,,,,,,,,,,,,,,,,,,,,,,,,,
,,,,,,,,,,,,,,,,,,,,,,,,,,,,,,,,,,,,
,,,,,,,,,,,,,,,,,,,,,,,,,,,,,,,,,,,,
,,,,,,,,,,,,,,,,,,,,,,,,,,,,,,,,,,,,
,,,,,,,,,,,,,,,,,,,,,,,,,,,,,,,,,,,,
,,,,,,,,,,,,,,,,,,,,,,,,,,,,,,,,,,,,
,,,,,,,,,,,,,,,,,,,,,,,,,,,,,,,,,,,,
,,,,,,,,,,,,,,,,,,,,,,,,,,,,,,,,,,,,
,,,,,,,,,,,,,,,,,,,,,,,,,,,,,,,,,,,,
,,,,,,,,,,,,,,,,,,,,,,,,,,,,,,,,,,,,
,,,,,,,,,,,,,,,,,,,,,,,,,,,,,,,,,,,,
,,,,,,,,,,,,,,,,,,,,,,,,,,,,,,,,,,,,
,,,,,,,,,,,,,,,,,,,,,,,,,,,,,,,,,,,,
,,,,,,,,,,,,,,,,,,,,,,,,,,,,,,,,,,,,
,,,,,,,,,,,,,,,,,,,,,,,,,,,,,,,,,,,,
,,,,,,,,,,,,,,,,,,,,,,,,,,,,,,,,,,,,
,,,,,,,,,,,,,,,,,,,,,,,,,,,,,,,,,,,,
,,,,,,,,,,,,,,,,,,,,,,,,,,,,,,,,,,,,
,,,,,,,,,,,,,,,,,,,,,,,,,,,,,,,,,,,,
,,,,,,,,,,,,,,,,,,,,,,,,,,,,,,,,,,,,
,,,,,,,,,,,,,,,,,,,,,,,,,,,,,,,,,,,,
,,,,,,,,,,,,,,,,,,,,,,,,,,,,,,,,,,,,
,,,,,,,,,,,,,,,,,,,,,,,,,,,,,,,,,,,,
,,,,,,,,,,,,,,,,,,,,,,,,,,,,,,,,,,,,
,,,,,,,,,,,,,,,,,,,,,,,,,,,,,,,,,,,,
,,,,,,,,,,,,,,,,,,,,,,,,,,,,,,,,,,,,
,,,,,,,,,,,,,,,,,,,,,,,,,,,,,,,,,,,,
,,,,,,,,,,,,,,,,,,,,,,,,,,,,,,,,,,,,
,,,,,,,,,,,,,,,,,,,,,,,,,,,,,,,,,,,,
,,,,,,,,,,,,,,,,,,,,,,,,,,,,,,,,,,,,
,,,,,,,,,,,,,,,,,,,,,,,,,,,,,,,,,,,,
,,,,,,,,,,,,,,,,,,,,,,,,,,,,,,,,,,,,
,,,,,,,,,,,,,,,,,,,,,,,,,,,,,,,,,,,,
,,,,,,,,,,,,,,,,,,,,,,,,,,,,,,,,,,,,
,,,,,,,,,,,,,,,,,,,,,,,,,,,,,,,,,,,,
,,,,,,,,,,,,,,,,,,,,,,,,,,,,,,,,,,,,
,,,,,,,,,,,,,,,,,,,,,,,,,,,,,,,,,,,,
,,,,,,,,,,,,,,,,,,,,,,,,,,,,,,,,,,,,
,,,,,,,,,,,,,,,,,,,,,,,,,,,,,,,,,,,,
,,,,,,,,,,,,,,,,,,,,,,,,,,,,,,,,,,,,
,,,,,,,,,,,,,,,,,,,,,,,,,,,,,,,,,,,,
,,,,,,,,,,,,,,,,,,,,,,,,,,,,,,,,,,,,
,,,,,,,,,,,,,,,,,,,,,,,,,,,,,,,,,,,,
,,,,,,,,,,,,,,,,,,,,,,,,,,,,,,,,,,,,
,,,,,,,,,,,,,,,,,,,,,,,,,,,,,,,,,,,,
,,,,,,,,,,,,,,,,,,,,,,,,,,,,,,,,,,,,
,,,,,,,,,,,,,,,,,,,,,,,,,,,,,,,,,,,,
,,,,,,,,,,,,,,,,,,,,,,,,,,,,,,,,,,,,
,,,,,,,,,,,,,,,,,,,,,,,,,,,,,,,,,,,,
,,,,,,,,,,,,,,,,,,,,,,,,,,,,,,,,,,,,
,,,,,,,,,,,,,,,,,,,,,,,,,,,,,,,,,,,,
,,,,,,,,,,,,,,,,,,,,,,,,,,,,,,,,,,,,
,,,,,,,,,,,,,,,,,,,,,,,,,,,,,,,,,,,,
,,,,,,,,,,,,,,,,,,,,,,,,,,,,,,,,,,,,
,,,,,,,,,,,,,,,,,,,,,,,,,,,,,,,,,,,,
,,,,,,,,,,,,,,,,,,,,,,,,,,,,,,,,,,,,
,,,,,,,,,,,,,,,,,,,,,,,,,,,,,,,,,,,,
,,,,,,,,,,,,,,,,,,,,,,,,,,,,,,,,,,,,
,,,,,,,,,,,,,,,,,,,,,,,,,,,,,,,,,,,,
,,,,,,,,,,,,,,,,,,,,,,,,,,,,,,,,,,,,
,,,,,,,,,,,,,,,,,,,,,,,,,,,,,,,,,,,,
,,,,,,,,,,,,,,,,,,,,,,,,,,,,,,,,,,,,
,,,,,,,,,,,,,,,,,,,,,,,,,,,,,,,,,,,,
,,,,,,,,,,,,,,,,,,,,,,,,,,,,,,,,,,,,
,,,,,,,,,,,,,,,,,,,,,,,,,,,,,,,,,,,,
,,,,,,,,,,,,,,,,,,,,,,,,,,,,,,,,,,,,
,,,,,,,,,,,,,,,,,,,,,,,,,,,,,,,,,,,,
,,,,,,,,,,,,,,,,,,,,,,,,,,,,,,,,,,,,
,,,,,,,,,,,,,,,,,,,,,,,,,,,,,,,,,,,,
,,,,,,,,,,,,,,,,,,,,,,,,,,,,,,,,,,,,
,,,,,,,,,,,,,,,,,,,,,,,,,,,,,,,,,,,,
,,,,,,,,,,,,,,,,,,,,,,,,,,,,,,,,,,,,
